<?xml version='1.0' encoding='utf-8' ?>
<ExtensionImage xmlns="http://schemas.microsoft.com/windowsazure">
  <ProviderNameSpace>Microsoft.OSTCExtensions</ProviderNameSpace>
  <Type>LinuxDiagnostic</Type>
  <Version>2.3.9009</Version>
  <Label>Microsoft Azure Diagnostic Extension for Linux Virtual Machines</Label>
  <HostingResources>VmRole</HostingResources>
  <MediaLink></MediaLink>
  <Description>Microsoft Azure Diagnostic Extension for Linux Virtual Machines</Description>
  <IsInternalExtension>true</IsInternalExtension>
  <Eula>https://github.com/Azure/azure-linux-extensions/blob/master/LICENSE-2_0.txt</Eula>
  <PrivacyUri>http://www.microsoft.com/privacystatement/en-us/OnlineServices/Default.aspx</PrivacyUri>
  <HomepageUri>https://github.com/Azure/azure-linux-extensions</HomepageUri>
  <IsJsonExtension>true</IsJsonExtension>
  <SupportedOS>Linux</SupportedOS>
  <CompanyName>Microsoft</CompanyName>
  <!--%REGIONS%-->
</ExtensionImage>
